[
  {
    "ID_PRODUCAO": "PROD001",
    "DATA": "2025-08-20",
    "NOME DO TECIDO": "Jeans Azul Premium",
    "CORTE": 50.0,
    "FACÇÃO": 120.0,
    "TRAVET": 15.0,
    "ZIPER": 25.0,
    "BOTÃO": 10.0,
    "APRONTAMENTO": 30.0,
    "LAVANDERIA": 80.0,
    "BOLSA": 5.0,
    "LIMPADO": 20.0,
    "TAG + ETIQUETA": 8.0,
    "METRAGEM DO TECIDO": 12.5,
    "PREÇO DO TECIDO": 35.0,
    "QUANTIDADE DE PEÇAS": 50,
    "VALOR PEDIDO": 2500.0,
    "PAGAMENTOS": "50% entrada, 50% entrega"
  },
  {
    "ID_PRODUCAO": "PROD002",
    "DATA": "2025-08-22",
    "NOME DO TECIDO": "Sarja Preta",
    "CORTE": 45.0,
    "FACÇÃO": 100.0,
    "TRAVET": 12.0,
    "ZIPER": 20.0,
    "BOTÃO": 8.0,
    "APRONTAMENTO": 25.0,
    "LAVANDERIA": 60.0,
    "BOLSA": 4.0,
    "LIMPADO": 15.0,
    "TAG + ETIQUETA": 6.0,
    "METRAGEM DO TECIDO": 10.0,
    "PREÇO DO TECIDO": 28.0,
    "QUANTIDADE DE PEÇAS": 30,
    "VALOR PEDIDO": 1800.0,
    "PAGAMENTOS": "À vista"
  },
  {
    "DATA": "50825-02-02",
    "NOME DO TECIDO": "Tecido de Teste",
    "CORTE": 0,
    "FACÇÃO": 0,
    "TRAVET": 0,
    "ZIPER": 0,
    "BOTÃO": 0,
    "APRONTAMENTO": 0,
    "LAVANDERIA": 0,
    "BOLSA": 0,
    "LIMPADO": 0,
    "TAG + ETIQUETA": 0,
    "METRAGEM DO TECIDO": 0,
    "PREÇO DO TECIDO": 0,
    "QUANTIDADE DE PEÇAS": 25,
    "VALOR PEDIDO": 1250,
    "PAGAMENTOS": "",
    "ID_PRODUCAO": "4DD440D5"
  }
]